return_id,original_order_id,return_date,product_id,quantity,reason,refund_amount
RET-50000,ORD-11849,2024-01-25,PRD-1011,3,Wrong Item,1857.21
RET-50001,ORD-12253,2023-12-02,PRD-1067,1,Damaged in Shipping,162.56
RET-50002,ORD-21578,2023-07-06,PRD-1057,1,Defective,1666.37
RET-50003,ORD-17392,2025-03-11,PRD-1014,3,Damaged in Shipping,4723.17
RET-50004,ORD-10460,2024-06-21,PRD-1044,1,Damaged in Shipping,184.82
RET-50005,ORD-12410,2024-11-03,PRD-1043,2,Wrong Item,3605.5
RET-50006,ORD-22227,2024-03-09,PRD-1053,2,Quality Issue,456.8
RET-50007,ORD-19090,2024-10-08,PRD-1004,1,Damaged in Shipping,791.01
RET-50008,ORD-12543,2025-06-11,PRD-1035,2,Quality Issue,824.3
RET-50009,ORD-16103,2023-04-22,PRD-1041,1,Wrong Item,1152.67
RET-50010,ORD-11712,2024-03-05,PRD-1042,2,Defective,1507.22
RET-50011,ORD-21001,2023-10-10,PRD-1035,3,Customer Changed Mind,1203.35
RET-50012,ORD-15302,2025-04-18,PRD-1055,3,Damaged in Shipping,5142.82
RET-50013,ORD-17465,2023-06-30,PRD-1041,2,Defective,2056.03
RET-50014,ORD-14718,2023-06-30,PRD-1022,3,Quality Issue,470.46
RET-50015,ORD-12381,2023-01-20,PRD-1058,1,Quality Issue,529.59
RET-50016,ORD-17897,2023-12-05,PRD-1051,2,Customer Changed Mind,2586.68
RET-50017,ORD-20275,2025-04-27,PRD-1066,1,Defective,1439.64
RET-50018,ORD-18723,2023-07-31,PRD-1013,1,Quality Issue,166.07
RET-50019,ORD-19866,2023-08-23,PRD-1031,1,Customer Changed Mind,981.84
RET-50020,ORD-11493,2024-04-02,PRD-1014,3,Quality Issue,4402.99
RET-50021,ORD-20393,2025-02-12,PRD-1011,2,Damaged in Shipping,1345.6
RET-50022,ORD-10081,2024-11-26,PRD-1070,3,Quality Issue,2321.21
RET-50023,ORD-14644,2025-01-14,PRD-1051,2,Defective,2246.46
RET-50024,ORD-13300,2023-09-15,PRD-1003,3,Damaged in Shipping,5155.11
RET-50025,ORD-12388,2023-07-29,PRD-1022,1,Defective,165.5
RET-50026,ORD-16548,2023-06-01,PRD-1033,2,Quality Issue,870.89
RET-50027,ORD-16129,2024-03-04,PRD-1068,2,Defective,237.08
RET-50028,ORD-21452,2025-02-11,PRD-1020,3,Wrong Item,3465.98
RET-50029,ORD-10822,2024-11-26,PRD-1043,2,Customer Changed Mind,3261.63
RET-50030,ORD-11745,2023-08-31,PRD-1046,3,Wrong Item,3997.73
RET-50031,ORD-16029,2025-05-20,PRD-1010,1,Damaged in Shipping,1363.85
RET-50032,ORD-22414,2024-10-03,PRD-1027,3,Customer Changed Mind,3470.59
RET-50033,ORD-17114,2025-01-01,PRD-1069,1,Customer Changed Mind,1286.16
RET-50034,ORD-17765,2023-05-28,PRD-1025,1,Wrong Item,652.42
RET-50035,ORD-13654,2025-06-14,PRD-1034,1,Wrong Item,550.21
RET-50036,ORD-19231,2023-01-24,PRD-1074,3,Wrong Item,1175.34
RET-50037,ORD-16896,2023-06-19,PRD-1043,3,Damaged in Shipping,5308.75
RET-50038,ORD-15437,2023-09-14,PRD-1002,3,Wrong Item,4276.53
RET-50039,ORD-10733,2024-03-13,PRD-1007,1,Quality Issue,1093.83
RET-50040,ORD-11153,2023-05-30,PRD-1060,2,Wrong Item,2854.06
RET-50041,ORD-10238,2024-10-22,PRD-1011,1,Wrong Item,648.75
RET-50042,ORD-12839,2023-04-13,PRD-1065,1,Defective,507.81
RET-50043,ORD-13076,2024-05-15,PRD-1059,2,Quality Issue,2029.95
RET-50044,ORD-16100,2025-02-26,PRD-1055,3,Damaged in Shipping,4510.81
RET-50045,ORD-20731,2023-11-15,PRD-1073,3,Defective,2917.78
RET-50046,ORD-14042,2025-04-11,PRD-1005,2,Defective,851.35
RET-50047,ORD-16896,2023-07-20,PRD-1013,1,Wrong Item,175.29
RET-50048,ORD-14516,2024-10-30,PRD-1073,2,Damaged in Shipping,1733.76
RET-50049,ORD-20251,2025-02-21,PRD-1013,2,Quality Issue,332.82
RET-50050,ORD-13498,2023-08-10,PRD-1014,1,Quality Issue,1367.87
RET-50051,ORD-11216,2025-02-03,PRD-1022,2,Damaged in Shipping,304.32
RET-50052,ORD-18639,2024-10-22,PRD-1014,3,Defective,4984.55
RET-50053,ORD-12141,2024-05-30,PRD-1043,1,Damaged in Shipping,1612.48
RET-50054,ORD-20462,2023-06-08,PRD-1012,1,Defective,1681.45
RET-50055,ORD-21126,2023-04-23,PRD-1053,3,Wrong Item,596.81
RET-50056,ORD-14101,2024-04-03,PRD-1040,3,Customer Changed Mind,2889.27
RET-50057,ORD-15513,2023-09-04,PRD-1065,1,Quality Issue,505.35
RET-50058,ORD-14937,2024-05-07,PRD-1021,3,Wrong Item,1342.5
RET-50059,ORD-13761,2024-04-10,PRD-1025,1,Wrong Item,663.87
RET-50060,ORD-17640,2023-11-29,PRD-1047,1,Damaged in Shipping,122.76
RET-50061,ORD-14549,2023-01-27,PRD-1048,2,Defective,3307.51
RET-50062,ORD-15801,2023-11-26,PRD-1045,3,Wrong Item,642.73
RET-50063,ORD-11875,2023-06-13,PRD-1020,2,Wrong Item,2553.24
RET-50064,ORD-15458,2023-03-25,PRD-1032,2,Damaged in Shipping,2739.79
RET-50065,ORD-10210,2023-03-07,PRD-1015,2,Damaged in Shipping,2742.29
RET-50066,ORD-18121,2025-01-13,PRD-1054,3,Wrong Item,2252.28
RET-50067,ORD-15745,2023-05-03,PRD-1057,3,Defective,5261.77
RET-50068,ORD-20408,2023-04-25,PRD-1024,1,Damaged in Shipping,1121.35
RET-50069,ORD-21648,2025-03-04,PRD-1047,3,Defective,388.23
RET-50070,ORD-16471,2024-06-01,PRD-1022,1,Defective,167.93
RET-50071,ORD-19355,2024-04-20,PRD-1067,2,Quality Issue,346.7
RET-50072,ORD-15443,2023-08-10,PRD-1010,2,Defective,3041.52
RET-50073,ORD-16591,2024-06-14,PRD-1047,3,Damaged in Shipping,356.97
RET-50074,ORD-21204,2023-11-23,PRD-1056,2,Customer Changed Mind,1976.3
RET-50075,ORD-19210,2025-02-14,PRD-1015,3,Defective,4244.22
RET-50076,ORD-20979,2024-06-01,PRD-1056,1,Defective,838.21
RET-50077,ORD-15811,2023-08-01,PRD-1052,2,Damaged in Shipping,992.91
RET-50078,ORD-12935,2024-01-20,PRD-1058,3,Quality Issue,1547.72
RET-50079,ORD-13264,2023-03-12,PRD-1007,2,Customer Changed Mind,2434.51
RET-50080,ORD-19163,2023-01-27,PRD-1057,1,Defective,1513.12
RET-50081,ORD-14408,2025-02-20,PRD-1026,3,Customer Changed Mind,1484.74
RET-50082,ORD-11668,2024-05-17,PRD-1012,2,Customer Changed Mind,3562.44
RET-50083,ORD-20045,2023-05-21,PRD-1035,1,Damaged in Shipping,414.07
RET-50084,ORD-11393,2024-05-01,PRD-1052,1,Quality Issue,467.12
RET-50085,ORD-11916,2025-05-08,PRD-1012,1,Defective,1553.56
RET-50086,ORD-11076,2025-06-12,PRD-1018,3,Quality Issue,4927.32
RET-50087,ORD-13513,2023-06-18,PRD-1056,1,Damaged in Shipping,875.21
RET-50088,ORD-12867,2024-12-31,PRD-1004,1,Wrong Item,770.77
RET-50089,ORD-15962,2024-10-25,PRD-1051,1,Wrong Item,1108.13
RET-50090,ORD-21629,2024-11-01,PRD-1064,3,Defective,4586.15
RET-50091,ORD-15472,2023-08-28,PRD-1035,1,Damaged in Shipping,424.97
RET-50092,ORD-15202,2024-05-05,PRD-1067,3,Wrong Item,517.79
RET-50093,ORD-10764,2023-05-08,PRD-1045,1,Wrong Item,188.51
RET-50094,ORD-12223,2025-01-30,PRD-1061,1,Defective,1318.39
RET-50095,ORD-19818,2025-05-02,PRD-1007,2,Defective,2285.26
RET-50096,ORD-12274,2023-04-02,PRD-1051,1,Customer Changed Mind,1325.61
RET-50097,ORD-16455,2023-04-29,PRD-1073,2,Damaged in Shipping,2158.11
RET-50098,ORD-21417,2023-05-28,PRD-1009,2,Quality Issue,2864.03
RET-50099,ORD-12133,2024-01-14,PRD-1010,2,Damaged in Shipping,3001.22
RET-50100,ORD-22045,2024-04-22,PRD-1036,3,Defective,5125.51
RET-50101,ORD-12765,2024-11-21,PRD-1051,1,Damaged in Shipping,1191.2
RET-50102,ORD-11770,2024-02-06,PRD-1070,3,Wrong Item,2334.96
RET-50103,ORD-15003,2024-06-08,PRD-1057,1,Defective,1607.62
RET-50104,ORD-20811,2024-08-27,PRD-1024,2,Quality Issue,2319.25
RET-50105,ORD-21777,2025-05-18,PRD-1053,2,Customer Changed Mind,398.54
RET-50106,ORD-19585,2024-05-20,PRD-1045,3,Quality Issue,577.48
RET-50107,ORD-16977,2024-01-11,PRD-1021,2,Defective,869.65
RET-50108,ORD-12009,2024-10-12,PRD-1061,3,Quality Issue,4107.87
RET-50109,ORD-11347,2024-09-18,PRD-1008,2,Wrong Item,748.82
RET-50110,ORD-21595,2024-06-19,PRD-1069,3,Defective,3896.7
RET-50111,ORD-20984,2024-10-18,PRD-1023,3,Damaged in Shipping,553.49
RET-50112,ORD-12684,2024-07-13,PRD-1052,1,Damaged in Shipping,435.91
RET-50113,ORD-19975,2023-09-15,PRD-1021,2,Defective,907.57
RET-50114,ORD-10235,2023-09-16,PRD-1067,2,Customer Changed Mind,322.97
RET-50115,ORD-12835,2025-03-26,PRD-1037,2,Customer Changed Mind,2231.51
RET-50116,ORD-16979,2023-01-18,PRD-1038,3,Quality Issue,4920.63
RET-50117,ORD-14172,2023-05-31,PRD-1007,2,Wrong Item,2313.46
RET-50118,ORD-10735,2024-09-18,PRD-1043,2,Damaged in Shipping,3837.21
RET-50119,ORD-15068,2024-08-02,PRD-1029,3,Wrong Item,894.62
RET-50120,ORD-13403,2024-02-04,PRD-1036,3,Customer Changed Mind,4378.78
RET-50121,ORD-21609,2023-10-20,PRD-1051,2,Damaged in Shipping,2255.18
RET-50122,ORD-22592,2025-05-12,PRD-1021,1,Wrong Item,391.41
RET-50123,ORD-10127,2023-01-22,PRD-1035,1,Defective,398.77
RET-50124,ORD-12668,2024-03-16,PRD-1033,3,Wrong Item,1387.25
RET-50125,ORD-15392,2024-09-29,PRD-1002,2,Damaged in Shipping,2572.71
RET-50126,ORD-20631,2023-09-13,PRD-1036,1,Wrong Item,1668.4
RET-50127,ORD-17193,2024-12-05,PRD-1004,1,Defective,787.19
RET-50128,ORD-13274,2025-02-12,PRD-1053,3,Damaged in Shipping,567.43
RET-50129,ORD-12296,2024-08-27,PRD-1051,1,Quality Issue,1241.26
RET-50130,ORD-14504,2024-07-26,PRD-1023,2,Defective,344.57
RET-50131,ORD-10030,2024-01-09,PRD-1071,3,Defective,1376.98
RET-50132,ORD-13676,2024-03-14,PRD-1047,1,Wrong Item,112.57
RET-50133,ORD-18339,2024-06-22,PRD-1073,3,Quality Issue,2659.68
RET-50134,ORD-15788,2023-02-17,PRD-1005,1,Quality Issue,421.29
RET-50135,ORD-11601,2023-12-25,PRD-1062,2,Customer Changed Mind,19.91
RET-50136,ORD-11924,2023-02-23,PRD-1006,2,Quality Issue,105.22
RET-50137,ORD-18086,2023-05-15,PRD-1010,1,Defective,1530.94
RET-50138,ORD-18776,2025-02-18,PRD-1062,3,Wrong Item,27.68
RET-50139,ORD-18418,2023-11-15,PRD-1042,2,Damaged in Shipping,1556.77
RET-50140,ORD-16738,2024-05-05,PRD-1064,2,Damaged in Shipping,3502.45
RET-50141,ORD-15130,2024-10-29,PRD-1004,3,Wrong Item,2485.77
RET-50142,ORD-14587,2023-01-24,PRD-1032,2,Customer Changed Mind,3093.91
RET-50143,ORD-14889,2023-10-11,PRD-1022,2,Damaged in Shipping,273.58
RET-50144,ORD-16908,2023-11-06,PRD-1035,2,Damaged in Shipping,707.92
RET-50145,ORD-11995,2023-03-04,PRD-1073,1,Customer Changed Mind,1081.02
RET-50146,ORD-22309,2023-06-06,PRD-1008,3,Defective,1115.0
RET-50147,ORD-21652,2024-07-22,PRD-1030,3,Damaged in Shipping,5336.37
RET-50148,ORD-17397,2024-07-16,PRD-1026,3,Wrong Item,1535.97
RET-50149,ORD-19576,2023-11-26,PRD-1008,3,Defective,1310.31
RET-50150,ORD-12333,2024-08-30,PRD-1017,1,Quality Issue,627.19
RET-50151,ORD-12217,2024-01-24,PRD-1038,3,Defective,5128.14
RET-50152,ORD-22157,2023-02-19,PRD-1036,3,Damaged in Shipping,4989.51
RET-50153,ORD-22586,2023-11-14,PRD-1047,1,Quality Issue,110.28
RET-50154,ORD-12964,2024-06-07,PRD-1050,2,Wrong Item,63.73
RET-50155,ORD-11729,2024-07-14,PRD-1054,2,Customer Changed Mind,1759.82
RET-50156,ORD-10458,2024-06-05,PRD-1039,1,Customer Changed Mind,523.71
RET-50157,ORD-14674,2025-02-17,PRD-1030,1,Customer Changed Mind,1820.07
RET-50158,ORD-14241,2024-09-01,PRD-1017,1,Wrong Item,679.88
RET-50159,ORD-18408,2025-01-17,PRD-1001,1,Quality Issue,528.48
RET-50160,ORD-18095,2025-02-07,PRD-1002,2,Customer Changed Mind,2462.45
RET-50161,ORD-15795,2023-04-20,PRD-1029,3,Quality Issue,827.87
RET-50162,ORD-17442,2024-09-21,PRD-1005,2,Customer Changed Mind,726.19
RET-50163,ORD-19046,2024-12-05,PRD-1013,3,Quality Issue,558.46
RET-50164,ORD-18488,2024-06-25,PRD-1020,3,Defective,4111.85
RET-50165,ORD-20301,2024-06-26,PRD-1000,3,Customer Changed Mind,3381.43
RET-50166,ORD-14400,2024-09-10,PRD-1012,2,Quality Issue,3235.07
RET-50167,ORD-15383,2024-07-19,PRD-1006,3,Defective,153.41
RET-50168,ORD-14595,2024-12-28,PRD-1074,2,Customer Changed Mind,749.52
RET-50169,ORD-20559,2023-09-19,PRD-1046,1,Defective,1501.02
RET-50170,ORD-21956,2024-05-11,PRD-1040,3,Wrong Item,3199.28
RET-50171,ORD-13758,2023-08-16,PRD-1024,2,Defective,2445.85
RET-50172,ORD-12034,2024-10-29,PRD-1064,1,Customer Changed Mind,1667.43
RET-50173,ORD-20552,2024-07-15,PRD-1013,2,Customer Changed Mind,342.38
RET-50174,ORD-10449,2024-09-07,PRD-1018,1,Quality Issue,1415.48
RET-50175,ORD-13920,2025-02-24,PRD-1007,3,Wrong Item,3245.09
RET-50176,ORD-10142,2024-04-08,PRD-1038,3,Damaged in Shipping,4578.36
RET-50177,ORD-15049,2024-10-07,PRD-1028,3,Wrong Item,1035.74
RET-50178,ORD-21302,2024-02-19,PRD-1044,3,Wrong Item,555.3
RET-50179,ORD-11931,2023-05-20,PRD-1030,3,Customer Changed Mind,5831.27
RET-50180,ORD-11307,2025-01-27,PRD-1071,1,Damaged in Shipping,481.34
RET-50181,ORD-19205,2024-08-06,PRD-1006,3,Customer Changed Mind,170.9
RET-50182,ORD-19449,2023-11-20,PRD-1066,2,Damaged in Shipping,2861.03
RET-50183,ORD-22717,2023-08-02,PRD-1026,1,Wrong Item,464.97
RET-50184,ORD-15463,2024-06-15,PRD-1015,1,Damaged in Shipping,1550.7
RET-50185,ORD-11923,2024-11-04,PRD-1056,2,Customer Changed Mind,1737.45
RET-50186,ORD-11060,2024-11-07,PRD-1058,1,Quality Issue,595.91
RET-50187,ORD-14229,2023-06-20,PRD-1021,2,Damaged in Shipping,878.51
RET-50188,ORD-11669,2025-04-23,PRD-1073,2,Customer Changed Mind,2053.66
RET-50189,ORD-18494,2023-02-12,PRD-1047,1,Quality Issue,130.17
RET-50190,ORD-22444,2025-01-31,PRD-1033,2,Defective,874.31
RET-50191,ORD-18842,2025-05-12,PRD-1043,2,Wrong Item,3787.26
RET-50192,ORD-14697,2024-07-03,PRD-1034,2,Customer Changed Mind,1162.07
RET-50193,ORD-13458,2024-12-19,PRD-1006,1,Customer Changed Mind,60.22
RET-50194,ORD-21380,2024-11-01,PRD-1002,2,Customer Changed Mind,2833.37
RET-50195,ORD-13147,2023-07-18,PRD-1041,1,Customer Changed Mind,998.7
RET-50196,ORD-20022,2024-12-12,PRD-1019,3,Customer Changed Mind,4899.24
RET-50197,ORD-20826,2024-04-30,PRD-1060,3,Defective,4167.66
RET-50198,ORD-12187,2023-01-23,PRD-1071,2,Customer Changed Mind,871.88
RET-50199,ORD-12259,2023-07-05,PRD-1021,3,Wrong Item,1215.03
RET-50200,ORD-14506,2025-01-27,PRD-1051,3,Customer Changed Mind,3685.75
RET-50201,ORD-11279,2025-01-19,PRD-1050,2,Damaged in Shipping,63.75
RET-50202,ORD-13725,2023-04-04,PRD-1000,1,Wrong Item,1153.07
RET-50203,ORD-11891,2023-07-02,PRD-1012,2,Customer Changed Mind,3590.43
RET-50204,ORD-12788,2025-02-07,PRD-1008,2,Damaged in Shipping,838.82
RET-50205,ORD-11098,2023-02-26,PRD-1056,2,Defective,1610.9
RET-50206,ORD-20313,2025-01-02,PRD-1038,1,Wrong Item,1659.19
RET-50207,ORD-22626,2024-04-03,PRD-1072,1,Damaged in Shipping,797.23
RET-50208,ORD-16315,2024-02-21,PRD-1050,1,Quality Issue,32.15
RET-50209,ORD-20063,2023-12-19,PRD-1043,3,Quality Issue,5445.88
RET-50210,ORD-21511,2024-05-14,PRD-1025,3,Defective,2183.48
RET-50211,ORD-13395,2023-12-18,PRD-1042,3,Customer Changed Mind,2202.12
RET-50212,ORD-13413,2024-10-21,PRD-1063,2,Wrong Item,89.11
RET-50213,ORD-14683,2023-11-29,PRD-1015,2,Damaged in Shipping,2592.37
RET-50214,ORD-11365,2023-06-06,PRD-1044,3,Wrong Item,523.34
RET-50215,ORD-21394,2025-05-15,PRD-1015,1,Customer Changed Mind,1556.85
RET-50216,ORD-18248,2023-02-13,PRD-1068,2,Wrong Item,283.52
RET-50217,ORD-12320,2023-02-04,PRD-1004,3,Damaged in Shipping,2400.28
RET-50218,ORD-18478,2023-03-20,PRD-1072,3,Quality Issue,2071.32
RET-50219,ORD-18219,2025-05-11,PRD-1068,3,Damaged in Shipping,392.85
RET-50220,ORD-17847,2025-02-17,PRD-1025,1,Customer Changed Mind,637.85
RET-50221,ORD-19609,2023-09-29,PRD-1064,3,Damaged in Shipping,4265.78
RET-50222,ORD-11763,2025-01-02,PRD-1059,2,Damaged in Shipping,2038.89
RET-50223,ORD-21807,2023-09-11,PRD-1054,3,Quality Issue,2638.48
RET-50224,ORD-15402,2023-01-23,PRD-1002,1,Customer Changed Mind,1182.8
RET-50225,ORD-13031,2025-04-15,PRD-1043,2,Wrong Item,3954.17
RET-50226,ORD-16414,2025-04-02,PRD-1020,2,Quality Issue,2639.98
RET-50227,ORD-17122,2023-10-28,PRD-1014,1,Defective,1512.91
RET-50228,ORD-15148,2023-01-17,PRD-1037,1,Wrong Item,1079.79
RET-50229,ORD-18205,2023-04-20,PRD-1065,1,Customer Changed Mind,533.71
RET-50230,ORD-11992,2023-07-12,PRD-1068,3,Wrong Item,379.59
RET-50231,ORD-19056,2024-03-04,PRD-1066,1,Damaged in Shipping,1568.43
RET-50232,ORD-12503,2023-08-10,PRD-1020,2,Defective,2390.98
RET-50233,ORD-16487,2025-02-05,PRD-1072,2,Wrong Item,1658.45
RET-50234,ORD-12715,2023-02-05,PRD-1028,1,Wrong Item,336.79
RET-50235,ORD-22273,2023-05-24,PRD-1040,1,Wrong Item,1025.83
RET-50236,ORD-17785,2024-04-10,PRD-1002,3,Defective,4086.04
RET-50237,ORD-10562,2023-06-26,PRD-1026,1,Wrong Item,452.46
RET-50238,ORD-17569,2023-08-22,PRD-1072,3,Damaged in Shipping,2094.35
RET-50239,ORD-13868,2023-04-13,PRD-1018,2,Defective,3290.56
RET-50240,ORD-18422,2024-05-24,PRD-1011,2,Quality Issue,1312.79
RET-50241,ORD-21890,2023-03-22,PRD-1039,3,Wrong Item,1604.21
RET-50242,ORD-13846,2024-07-30,PRD-1045,3,Quality Issue,568.84
RET-50243,ORD-10081,2023-05-28,PRD-1025,1,Wrong Item,707.67
RET-50244,ORD-18670,2023-04-07,PRD-1060,1,Quality Issue,1358.19
RET-50245,ORD-13367,2023-02-16,PRD-1014,2,Quality Issue,2815.65
RET-50246,ORD-14106,2023-06-15,PRD-1010,3,Wrong Item,4446.14
RET-50247,ORD-17911,2024-04-17,PRD-1021,3,Quality Issue,1196.0
RET-50248,ORD-13755,2023-02-01,PRD-1044,2,Damaged in Shipping,359.38
RET-50249,ORD-12413,2025-05-20,PRD-1038,1,Customer Changed Mind,1735.12
RET-50250,ORD-20273,2023-08-16,PRD-1062,2,Defective,18.87
RET-50251,ORD-11213,2023-12-06,PRD-1021,1,Customer Changed Mind,382.24
RET-50252,ORD-14339,2023-10-28,PRD-1073,3,Damaged in Shipping,2685.18
RET-50253,ORD-19010,2024-04-14,PRD-1071,2,Defective,875.31
RET-50254,ORD-12088,2024-08-22,PRD-1057,1,Damaged in Shipping,1636.34
RET-50255,ORD-14306,2024-02-29,PRD-1042,1,Quality Issue,721.98
RET-50256,ORD-18539,2023-02-04,PRD-1047,3,Defective,357.66
RET-50257,ORD-18575,2024-04-12,PRD-1000,3,Wrong Item,3115.06
RET-50258,ORD-20421,2023-02-14,PRD-1010,2,Defective,3012.27
RET-50259,ORD-16968,2025-04-17,PRD-1020,3,Quality Issue,3769.93
RET-50260,ORD-17765,2023-06-29,PRD-1038,1,Quality Issue,1640.15
RET-50261,ORD-12486,2023-08-01,PRD-1023,1,Wrong Item,180.89
RET-50262,ORD-13761,2024-12-26,PRD-1021,1,Quality Issue,389.85
RET-50263,ORD-20425,2023-03-14,PRD-1058,3,Wrong Item,1702.9
RET-50264,ORD-16326,2025-03-08,PRD-1070,1,Wrong Item,784.07
RET-50265,ORD-14384,2024-04-22,PRD-1016,1,Wrong Item,916.07
RET-50266,ORD-22720,2025-05-03,PRD-1053,3,Wrong Item,577.42
RET-50267,ORD-13208,2024-05-24,PRD-1067,1,Damaged in Shipping,146.39
RET-50268,ORD-16969,2023-10-25,PRD-1018,3,Quality Issue,4172.6
RET-50269,ORD-17895,2023-06-04,PRD-1021,2,Quality Issue,775.54
RET-50270,ORD-13100,2024-03-26,PRD-1037,3,Quality Issue,3278.43
RET-50271,ORD-10643,2025-04-15,PRD-1060,2,Wrong Item,3000.39
RET-50272,ORD-17215,2024-07-10,PRD-1061,2,Quality Issue,2812.39
RET-50273,ORD-17394,2023-09-12,PRD-1015,2,Customer Changed Mind,3030.55
RET-50274,ORD-14089,2023-10-11,PRD-1074,1,Damaged in Shipping,366.23
RET-50275,ORD-10874,2024-07-03,PRD-1025,1,Defective,677.87
RET-50276,ORD-14397,2024-01-19,PRD-1037,2,Quality Issue,2330.49
RET-50277,ORD-21462,2024-10-27,PRD-1039,3,Damaged in Shipping,1366.98
RET-50278,ORD-22161,2023-05-30,PRD-1061,3,Defective,4590.71
RET-50279,ORD-18922,2024-03-03,PRD-1037,2,Wrong Item,2159.03
RET-50280,ORD-21580,2024-05-15,PRD-1015,1,Damaged in Shipping,1612.09
RET-50281,ORD-19358,2024-08-07,PRD-1008,3,Damaged in Shipping,1222.31
RET-50282,ORD-16977,2023-03-20,PRD-1015,2,Wrong Item,2643.37
RET-50283,ORD-16883,2023-09-02,PRD-1030,2,Customer Changed Mind,3190.43
RET-50284,ORD-20533,2024-12-18,PRD-1055,2,Quality Issue,2914.62
RET-50285,ORD-17297,2024-08-09,PRD-1066,1,Customer Changed Mind,1413.75
RET-50286,ORD-13783,2024-09-20,PRD-1045,3,Wrong Item,584.81
RET-50287,ORD-18177,2024-02-09,PRD-1009,3,Wrong Item,4429.37
RET-50288,ORD-11037,2024-07-30,PRD-1029,1,Damaged in Shipping,291.91
RET-50289,ORD-17101,2024-06-24,PRD-1025,1,Quality Issue,636.73
RET-50290,ORD-13764,2023-08-02,PRD-1036,1,Damaged in Shipping,1507.64
RET-50291,ORD-10827,2024-06-05,PRD-1071,1,Wrong Item,480.84
RET-50292,ORD-14774,2024-05-14,PRD-1026,1,Damaged in Shipping,463.74
RET-50293,ORD-20195,2023-10-28,PRD-1074,3,Customer Changed Mind,1169.34
RET-50294,ORD-15943,2024-09-04,PRD-1028,1,Damaged in Shipping,306.38
RET-50295,ORD-16827,2023-09-19,PRD-1013,3,Defective,531.32
RET-50296,ORD-21612,2023-09-16,PRD-1047,2,Customer Changed Mind,232.35
RET-50297,ORD-21308,2025-06-19,PRD-1030,3,Quality Issue,5838.31
RET-50298,ORD-21887,2023-12-23,PRD-1064,1,Damaged in Shipping,1607.09
RET-50299,ORD-18829,2024-01-11,PRD-1046,2,Customer Changed Mind,3042.04
RET-50300,ORD-10294,2025-03-16,PRD-1039,1,Damaged in Shipping,463.5
RET-50301,ORD-20580,2024-06-16,PRD-1003,2,Damaged in Shipping,3431.72
RET-50302,ORD-10649,2025-04-30,PRD-1051,2,Quality Issue,2545.52
RET-50303,ORD-21930,2025-01-10,PRD-1022,2,Wrong Item,287.69
RET-50304,ORD-19987,2023-04-15,PRD-1016,1,Defective,981.24
RET-50305,ORD-15398,2024-02-27,PRD-1006,2,Customer Changed Mind,114.19
RET-50306,ORD-10727,2024-08-28,PRD-1064,3,Defective,4531.09
RET-50307,ORD-20143,2023-10-14,PRD-1033,1,Customer Changed Mind,418.68
RET-50308,ORD-18004,2024-05-26,PRD-1062,3,Damaged in Shipping,30.18
RET-50309,ORD-18358,2023-11-14,PRD-1054,1,Quality Issue,789.41
RET-50310,ORD-13182,2023-11-15,PRD-1009,3,Defective,3923.93
RET-50311,ORD-21232,2023-10-19,PRD-1056,1,Damaged in Shipping,902.13
RET-50312,ORD-10564,2023-08-06,PRD-1030,3,Customer Changed Mind,5449.75
RET-50313,ORD-20280,2023-09-21,PRD-1071,3,Wrong Item,1393.35
RET-50314,ORD-16690,2024-10-13,PRD-1017,1,Damaged in Shipping,676.27
RET-50315,ORD-15313,2023-08-06,PRD-1006,2,Damaged in Shipping,118.92
RET-50316,ORD-20736,2025-01-11,PRD-1027,1,Customer Changed Mind,1279.12
RET-50317,ORD-16035,2023-03-04,PRD-1033,3,Defective,1189.71
RET-50318,ORD-21725,2024-01-19,PRD-1069,2,Damaged in Shipping,2765.42
RET-50319,ORD-12619,2023-04-04,PRD-1025,3,Damaged in Shipping,1880.13
RET-50320,ORD-18087,2023-09-21,PRD-1056,2,Defective,1713.04
RET-50321,ORD-20646,2024-04-11,PRD-1034,2,Defective,1038.63
RET-50322,ORD-11119,2023-12-12,PRD-1055,2,Damaged in Shipping,2923.68
RET-50323,ORD-13441,2024-10-24,PRD-1044,1,Quality Issue,187.56
RET-50324,ORD-10245,2023-08-16,PRD-1008,1,Wrong Item,385.23
RET-50325,ORD-21875,2023-11-17,PRD-1049,3,Customer Changed Mind,5696.43
RET-50326,ORD-15641,2023-10-06,PRD-1072,2,Defective,1487.36
RET-50327,ORD-14934,2024-04-18,PRD-1003,1,Damaged in Shipping,1589.79
RET-50328,ORD-17515,2023-02-17,PRD-1047,1,Customer Changed Mind,109.28
RET-50329,ORD-19462,2023-03-24,PRD-1033,3,Customer Changed Mind,1335.36
RET-50330,ORD-12093,2024-03-03,PRD-1073,1,Defective,929.93
RET-50331,ORD-19123,2023-02-03,PRD-1032,1,Quality Issue,1679.83
RET-50332,ORD-16144,2023-11-05,PRD-1060,1,Wrong Item,1230.85
RET-50333,ORD-10289,2024-11-22,PRD-1042,3,Damaged in Shipping,2245.43
RET-50334,ORD-15919,2024-06-07,PRD-1070,3,Damaged in Shipping,2797.93
RET-50335,ORD-14827,2024-06-11,PRD-1056,2,Defective,1735.68
RET-50336,ORD-19252,2023-06-15,PRD-1030,3,Damaged in Shipping,5454.49
RET-50337,ORD-13114,2023-08-27,PRD-1023,2,Defective,420.99
RET-50338,ORD-20241,2024-08-09,PRD-1020,3,Quality Issue,3524.16
RET-50339,ORD-22407,2023-09-13,PRD-1070,3,Customer Changed Mind,2585.93
RET-50340,ORD-11803,2024-10-16,PRD-1052,3,Damaged in Shipping,1364.5
RET-50341,ORD-22269,2024-06-16,PRD-1056,1,Wrong Item,891.77
RET-50342,ORD-19448,2025-02-12,PRD-1045,2,Quality Issue,410.43
RET-50343,ORD-14356,2023-05-22,PRD-1074,1,Damaged in Shipping,395.96
RET-50344,ORD-21550,2024-02-12,PRD-1036,1,Defective,1457.0
RET-50345,ORD-14211,2025-06-10,PRD-1015,3,Wrong Item,4486.22
RET-50346,ORD-12396,2023-09-20,PRD-1019,3,Quality Issue,4159.72
RET-50347,ORD-16878,2023-06-13,PRD-1058,3,Quality Issue,1768.12
RET-50348,ORD-15488,2024-10-19,PRD-1026,2,Wrong Item,986.15
RET-50349,ORD-18661,2024-09-02,PRD-1013,2,Damaged in Shipping,382.67
RET-50350,ORD-12881,2023-11-14,PRD-1030,3,Defective,5927.75
RET-50351,ORD-20723,2024-02-08,PRD-1020,1,Damaged in Shipping,1202.17
RET-50352,ORD-16952,2024-10-03,PRD-1057,1,Wrong Item,1552.07
RET-50353,ORD-19900,2023-05-25,PRD-1068,2,Wrong Item,254.2
RET-50354,ORD-20208,2024-08-19,PRD-1023,1,Customer Changed Mind,203.94
RET-50355,ORD-13708,2024-12-25,PRD-1016,1,Defective,1047.08
RET-50356,ORD-11271,2023-08-16,PRD-1040,1,Customer Changed Mind,1103.17
RET-50357,ORD-21901,2023-03-29,PRD-1062,3,Quality Issue,28.64
RET-50358,ORD-11855,2023-07-19,PRD-1070,1,Customer Changed Mind,916.22
RET-50359,ORD-21397,2023-12-25,PRD-1036,1,Damaged in Shipping,1583.9
RET-50360,ORD-21038,2023-01-29,PRD-1008,2,Defective,764.74
RET-50361,ORD-22008,2024-03-14,PRD-1070,3,Defective,2691.93
RET-50362,ORD-15705,2024-06-12,PRD-1051,1,Defective,1097.7
RET-50363,ORD-10292,2024-01-24,PRD-1039,2,Customer Changed Mind,898.32
RET-50364,ORD-12442,2023-10-27,PRD-1052,2,Defective,950.04
RET-50365,ORD-16609,2023-07-17,PRD-1062,3,Quality Issue,29.46
RET-50366,ORD-18327,2023-11-14,PRD-1029,1,Quality Issue,315.24
RET-50367,ORD-10150,2025-01-20,PRD-1073,2,Wrong Item,2000.25
RET-50368,ORD-10001,2025-02-21,PRD-1073,2,Damaged in Shipping,1906.72
RET-50369,ORD-15928,2024-11-17,PRD-1041,1,Damaged in Shipping,985.86
RET-50370,ORD-20808,2024-05-26,PRD-1038,3,Defective,4955.8
RET-50371,ORD-13736,2023-01-31,PRD-1029,3,Customer Changed Mind,805.89
RET-50372,ORD-17135,2024-03-03,PRD-1020,3,Defective,3872.88
RET-50373,ORD-10903,2024-03-17,PRD-1042,1,Quality Issue,793.73
RET-50374,ORD-13517,2024-12-23,PRD-1046,3,Damaged in Shipping,4260.65
RET-50375,ORD-16484,2024-04-06,PRD-1024,1,Quality Issue,1038.85
RET-50376,ORD-19041,2024-11-08,PRD-1055,2,Wrong Item,2840.66
RET-50377,ORD-18016,2023-02-19,PRD-1053,2,Defective,435.41
RET-50378,ORD-15243,2024-02-28,PRD-1014,1,Wrong Item,1387.52
RET-50379,ORD-22671,2023-03-20,PRD-1042,1,Defective,708.88
RET-50380,ORD-15124,2024-09-21,PRD-1057,3,Defective,4627.61
RET-50381,ORD-21371,2025-01-01,PRD-1022,1,Customer Changed Mind,162.82
RET-50382,ORD-18236,2023-04-15,PRD-1069,2,Damaged in Shipping,2620.28
RET-50383,ORD-21441,2024-03-02,PRD-1072,2,Damaged in Shipping,1378.72
RET-50384,ORD-22546,2023-09-20,PRD-1004,2,Defective,1518.03
RET-50385,ORD-22482,2024-07-21,PRD-1015,3,Customer Changed Mind,4754.62
RET-50386,ORD-12660,2025-04-20,PRD-1003,2,Wrong Item,3484.53
RET-50387,ORD-16133,2023-06-05,PRD-1030,1,Defective,1586.78
RET-50388,ORD-19456,2025-02-09,PRD-1032,3,Wrong Item,4157.01
RET-50389,ORD-17800,2024-11-13,PRD-1013,2,Wrong Item,331.2
RET-50390,ORD-11861,2023-06-25,PRD-1036,1,Wrong Item,1417.76
RET-50391,ORD-11049,2023-05-28,PRD-1007,3,Quality Issue,3633.44
RET-50392,ORD-14035,2024-03-21,PRD-1033,3,Customer Changed Mind,1170.49
RET-50393,ORD-15204,2025-03-25,PRD-1056,3,Damaged in Shipping,2976.58
RET-50394,ORD-22214,2023-07-27,PRD-1040,2,Damaged in Shipping,2252.84
RET-50395,ORD-12940,2023-03-22,PRD-1040,2,Wrong Item,2125.77
RET-50396,ORD-15296,2025-02-16,PRD-1022,1,Defective,137.75
RET-50397,ORD-22130,2025-05-03,PRD-1050,3,Wrong Item,87.51
RET-50398,ORD-16480,2023-10-21,PRD-1051,2,Quality Issue,2188.49
RET-50399,ORD-10546,2023-08-05,PRD-1005,2,Customer Changed Mind,803.27
RET-50400,ORD-13004,2023-11-04,PRD-1052,3,Damaged in Shipping,1325.88
RET-50401,ORD-21829,2023-08-10,PRD-1003,2,Defective,3297.28
RET-50402,ORD-20200,2024-08-13,PRD-1000,2,Quality Issue,2439.46
RET-50403,ORD-22556,2024-03-13,PRD-1011,1,Quality Issue,643.31
RET-50404,ORD-15661,2024-03-14,PRD-1053,2,Damaged in Shipping,403.06
RET-50405,ORD-16493,2023-08-07,PRD-1050,1,Quality Issue,26.58
RET-50406,ORD-10154,2023-10-04,PRD-1020,2,Wrong Item,2380.61
RET-50407,ORD-11670,2024-03-20,PRD-1050,2,Damaged in Shipping,60.58
RET-50408,ORD-15139,2024-12-09,PRD-1015,3,Customer Changed Mind,4568.79
RET-50409,ORD-21917,2024-02-25,PRD-1050,2,Damaged in Shipping,52.86
RET-50410,ORD-13036,2024-12-03,PRD-1040,3,Defective,3369.9
RET-50411,ORD-14401,2025-03-03,PRD-1069,1,Defective,1381.89
RET-50412,ORD-20970,2023-11-05,PRD-1058,3,Damaged in Shipping,1575.36
RET-50413,ORD-19865,2023-07-17,PRD-1051,2,Quality Issue,2418.76
RET-50414,ORD-19363,2024-11-06,PRD-1061,1,Wrong Item,1249.27
RET-50415,ORD-13407,2024-10-08,PRD-1008,3,Quality Issue,1259.01
RET-50416,ORD-15955,2023-06-30,PRD-1050,2,Damaged in Shipping,57.79
RET-50417,ORD-19746,2023-08-15,PRD-1043,2,Defective,3747.67
RET-50418,ORD-16711,2024-02-22,PRD-1035,3,Defective,1198.88
RET-50419,ORD-22727,2024-03-31,PRD-1072,2,Quality Issue,1481.75
RET-50420,ORD-18614,2023-02-12,PRD-1051,3,Defective,3857.93
RET-50421,ORD-21812,2023-05-19,PRD-1021,2,Defective,860.38
RET-50422,ORD-13578,2024-07-01,PRD-1029,3,Damaged in Shipping,922.35
RET-50423,ORD-12835,2024-08-25,PRD-1063,1,Customer Changed Mind,47.64
RET-50424,ORD-11110,2023-11-27,PRD-1048,3,Damaged in Shipping,4855.53
RET-50425,ORD-21097,2024-05-24,PRD-1009,2,Damaged in Shipping,3035.76
RET-50426,ORD-13895,2023-04-06,PRD-1045,2,Quality Issue,439.36
RET-50427,ORD-22336,2023-06-11,PRD-1005,2,Quality Issue,886.52
RET-50428,ORD-13103,2023-02-19,PRD-1049,1,Customer Changed Mind,1707.05
RET-50429,ORD-11840,2024-06-15,PRD-1013,2,Wrong Item,371.46
RET-50430,ORD-11548,2025-05-01,PRD-1033,1,Damaged in Shipping,394.63
RET-50431,ORD-16027,2023-05-21,PRD-1018,2,Wrong Item,3312.81
RET-50432,ORD-16977,2023-10-13,PRD-1033,1,Quality Issue,376.5
RET-50433,ORD-18975,2025-05-20,PRD-1021,3,Damaged in Shipping,1371.69
RET-50434,ORD-13143,2023-12-18,PRD-1031,1,Damaged in Shipping,1043.18
RET-50435,ORD-20439,2023-07-09,PRD-1061,3,Wrong Item,4133.74
RET-50436,ORD-10191,2023-07-13,PRD-1057,1,Wrong Item,1488.06
RET-50437,ORD-20257,2023-05-17,PRD-1066,2,Damaged in Shipping,3356.7
RET-50438,ORD-10418,2024-09-03,PRD-1066,1,Defective,1566.78
RET-50439,ORD-21771,2025-03-09,PRD-1042,1,Customer Changed Mind,762.43
RET-50440,ORD-18221,2023-08-10,PRD-1057,1,Defective,1573.45
RET-50441,ORD-21288,2024-08-19,PRD-1068,1,Customer Changed Mind,131.98
RET-50442,ORD-20742,2023-04-13,PRD-1058,3,Customer Changed Mind,1525.71
RET-50443,ORD-20239,2023-06-09,PRD-1047,2,Customer Changed Mind,226.61
RET-50444,ORD-18153,2025-05-24,PRD-1055,3,Defective,4974.1
RET-50445,ORD-22542,2024-05-05,PRD-1005,3,Quality Issue,1142.42
RET-50446,ORD-11600,2023-07-24,PRD-1036,1,Customer Changed Mind,1482.91
RET-50447,ORD-17565,2024-12-30,PRD-1010,3,Customer Changed Mind,4707.91
RET-50448,ORD-17574,2025-03-19,PRD-1032,1,Wrong Item,1500.27
RET-50449,ORD-20829,2024-11-09,PRD-1022,1,Customer Changed Mind,146.72
RET-50450,ORD-10683,2023-10-07,PRD-1071,2,Quality Issue,1027.69
RET-50451,ORD-12267,2024-09-28,PRD-1052,1,Quality Issue,498.69
RET-50452,ORD-10091,2024-03-08,PRD-1043,1,Quality Issue,1824.98
RET-50453,ORD-22039,2024-07-30,PRD-1012,2,Defective,3458.82
RET-50454,ORD-10183,2023-12-30,PRD-1052,3,Damaged in Shipping,1528.67
RET-50455,ORD-13050,2023-11-17,PRD-1041,1,Quality Issue,1031.31
RET-50456,ORD-19561,2024-02-22,PRD-1023,3,Quality Issue,616.46
RET-50457,ORD-16435,2024-04-08,PRD-1030,1,Defective,1772.42
RET-50458,ORD-18550,2023-02-13,PRD-1011,1,Defective,652.1
RET-50459,ORD-12627,2024-03-11,PRD-1011,1,Customer Changed Mind,619.18
RET-50460,ORD-12630,2025-03-14,PRD-1027,3,Quality Issue,3204.84
RET-50461,ORD-22499,2025-06-18,PRD-1055,2,Defective,3281.07
RET-50462,ORD-15649,2025-02-25,PRD-1065,2,Quality Issue,1162.14
RET-50463,ORD-20304,2023-09-21,PRD-1039,2,Defective,880.47
RET-50464,ORD-12532,2023-08-15,PRD-1074,1,Quality Issue,361.22
RET-50465,ORD-14519,2023-11-29,PRD-1000,2,Quality Issue,2114.59
RET-50466,ORD-13917,2024-04-22,PRD-1065,2,Wrong Item,1243.18
RET-50467,ORD-12018,2024-08-14,PRD-1067,2,Quality Issue,327.98
RET-50468,ORD-11126,2025-05-16,PRD-1009,1,Damaged in Shipping,1366.69
RET-50469,ORD-19056,2024-08-02,PRD-1045,3,Defective,639.91
RET-50470,ORD-10534,2024-03-08,PRD-1054,1,Wrong Item,745.25
RET-50471,ORD-16300,2023-02-05,PRD-1018,2,Quality Issue,2989.3
RET-50472,ORD-12771,2023-06-16,PRD-1048,1,Damaged in Shipping,1922.84
RET-50473,ORD-21009,2024-10-06,PRD-1020,2,Quality Issue,2745.5
RET-50474,ORD-18159,2024-09-10,PRD-1017,2,Quality Issue,1318.09
RET-50475,ORD-10909,2025-03-06,PRD-1055,3,Defective,4587.13
RET-50476,ORD-12313,2023-08-25,PRD-1006,3,Customer Changed Mind,158.59
RET-50477,ORD-14955,2024-08-17,PRD-1015,1,Quality Issue,1553.83
RET-50478,ORD-15813,2024-04-30,PRD-1003,1,Defective,1631.18
RET-50479,ORD-13123,2025-06-02,PRD-1041,2,Defective,2151.68
RET-50480,ORD-22466,2024-06-07,PRD-1046,3,Customer Changed Mind,4113.67
RET-50481,ORD-21695,2023-10-03,PRD-1001,2,Customer Changed Mind,959.4
RET-50482,ORD-20442,2024-02-24,PRD-1026,2,Defective,879.2
RET-50483,ORD-16733,2025-05-15,PRD-1060,2,Wrong Item,2921.9
RET-50484,ORD-13495,2024-03-03,PRD-1000,2,Customer Changed Mind,2239.37
RET-50485,ORD-16888,2023-06-09,PRD-1023,1,Wrong Item,184.85
RET-50486,ORD-17639,2023-11-21,PRD-1010,2,Wrong Item,2593.69
RET-50487,ORD-14399,2024-10-17,PRD-1071,2,Wrong Item,1019.33
RET-50488,ORD-15683,2023-02-27,PRD-1059,1,Defective,1174.78
RET-50489,ORD-17613,2025-06-18,PRD-1008,1,Quality Issue,397.54
RET-50490,ORD-11374,2023-04-28,PRD-1057,2,Quality Issue,3331.44
RET-50491,ORD-16940,2025-01-05,PRD-1011,3,Quality Issue,1973.53
RET-50492,ORD-17170,2023-11-02,PRD-1026,1,Damaged in Shipping,504.3
RET-50493,ORD-10091,2023-10-03,PRD-1015,1,Damaged in Shipping,1436.51
RET-50494,ORD-15974,2025-04-12,PRD-1024,1,Wrong Item,1099.7
RET-50495,ORD-10177,2025-03-03,PRD-1010,2,Defective,2622.92
RET-50496,ORD-16426,2023-07-27,PRD-1042,3,Wrong Item,2186.89
RET-50497,ORD-17349,2023-06-11,PRD-1058,3,Quality Issue,1647.27
RET-50498,ORD-19299,2024-06-12,PRD-1062,2,Customer Changed Mind,20.61
RET-50499,ORD-15437,2023-06-02,PRD-1012,3,Wrong Item,5429.36
RET-50500,ORD-21791,2024-09-30,PRD-1034,2,Quality Issue,1091.35
RET-50501,ORD-21274,2023-03-16,PRD-1064,2,Quality Issue,3323.39
RET-50502,ORD-13499,2024-04-23,PRD-1035,2,Customer Changed Mind,738.4
RET-50503,ORD-18305,2025-01-20,PRD-1036,3,Defective,4668.15
RET-50504,ORD-19757,2025-03-25,PRD-1025,3,Wrong Item,1961.35
RET-50505,ORD-16336,2023-03-20,PRD-1051,1,Defective,1192.72
RET-50506,ORD-14369,2024-07-28,PRD-1021,2,Damaged in Shipping,825.42
RET-50507,ORD-22476,2023-03-22,PRD-1015,3,Damaged in Shipping,4060.23
RET-50508,ORD-18360,2023-05-15,PRD-1008,2,Defective,753.46
RET-50509,ORD-16315,2024-11-01,PRD-1064,3,Wrong Item,4809.58
RET-50510,ORD-19763,2025-04-14,PRD-1072,1,Damaged in Shipping,701.25
RET-50511,ORD-18380,2024-03-24,PRD-1047,2,Damaged in Shipping,239.2
RET-50512,ORD-12560,2024-04-21,PRD-1004,1,Wrong Item,799.71
RET-50513,ORD-22396,2023-03-28,PRD-1005,3,Wrong Item,1129.42
RET-50514,ORD-14642,2023-12-09,PRD-1014,1,Damaged in Shipping,1453.96
RET-50515,ORD-10075,2023-08-15,PRD-1012,3,Customer Changed Mind,4871.38
RET-50516,ORD-18782,2023-07-29,PRD-1046,3,Defective,4178.8
RET-50517,ORD-19289,2024-07-18,PRD-1007,3,Damaged in Shipping,3511.45
RET-50518,ORD-16988,2024-08-19,PRD-1060,2,Defective,2696.19
RET-50519,ORD-19291,2025-05-19,PRD-1033,2,Customer Changed Mind,762.26
RET-50520,ORD-10683,2024-05-13,PRD-1073,1,Defective,879.6
RET-50521,ORD-19891,2023-05-13,PRD-1013,1,Customer Changed Mind,171.5
RET-50522,ORD-13238,2023-12-18,PRD-1060,2,Wrong Item,2617.07
RET-50523,ORD-19145,2024-02-24,PRD-1038,1,Wrong Item,1502.56
RET-50524,ORD-21970,2025-03-28,PRD-1023,3,Wrong Item,600.06
RET-50525,ORD-19420,2024-04-15,PRD-1052,2,Damaged in Shipping,1066.52
RET-50526,ORD-13043,2023-10-03,PRD-1068,2,Defective,237.31
RET-50527,ORD-14884,2024-09-08,PRD-1073,3,Quality Issue,3077.07
RET-50528,ORD-19938,2023-06-27,PRD-1012,2,Wrong Item,3135.29
RET-50529,ORD-19854,2024-12-06,PRD-1030,3,Defective,4926.43
RET-50530,ORD-15104,2023-01-20,PRD-1008,3,Damaged in Shipping,1154.41
RET-50531,ORD-18871,2024-01-09,PRD-1057,1,Damaged in Shipping,1740.88
RET-50532,ORD-11475,2023-01-22,PRD-1018,1,Damaged in Shipping,1616.98
RET-50533,ORD-17033,2023-12-10,PRD-1057,1,Customer Changed Mind,1595.11
RET-50534,ORD-16512,2023-10-09,PRD-1043,1,Damaged in Shipping,1990.87
RET-50535,ORD-17243,2025-05-03,PRD-1049,2,Customer Changed Mind,3371.8
RET-50536,ORD-17161,2025-01-03,PRD-1006,2,Wrong Item,112.12
RET-50537,ORD-16186,2023-11-25,PRD-1036,2,Defective,3195.77
RET-50538,ORD-20041,2023-01-27,PRD-1016,3,Damaged in Shipping,2895.56
RET-50539,ORD-17880,2023-11-18,PRD-1010,3,Damaged in Shipping,4547.19
RET-50540,ORD-12590,2023-05-04,PRD-1025,2,Quality Issue,1229.0
RET-50541,ORD-12588,2023-10-19,PRD-1021,1,Quality Issue,451.22
RET-50542,ORD-15083,2023-05-17,PRD-1043,3,Customer Changed Mind,5500.01
RET-50543,ORD-21039,2024-05-01,PRD-1023,2,Defective,347.06
RET-50544,ORD-13849,2023-05-20,PRD-1009,2,Damaged in Shipping,3061.23
RET-50545,ORD-17902,2023-06-17,PRD-1064,3,Customer Changed Mind,4471.94
RET-50546,ORD-15900,2024-01-15,PRD-1009,1,Damaged in Shipping,1361.05
RET-50547,ORD-15766,2024-01-10,PRD-1017,1,Quality Issue,622.74
RET-50548,ORD-19708,2023-09-01,PRD-1036,1,Quality Issue,1579.92
RET-50549,ORD-22607,2024-05-04,PRD-1060,3,Defective,4133.55
RET-50550,ORD-20779,2024-01-22,PRD-1038,3,Quality Issue,4663.05
RET-50551,ORD-19134,2024-06-25,PRD-1040,1,Damaged in Shipping,950.33
RET-50552,ORD-16210,2024-05-03,PRD-1032,3,Quality Issue,4070.83
RET-50553,ORD-18330,2024-03-22,PRD-1052,1,Damaged in Shipping,534.21
RET-50554,ORD-19440,2023-07-27,PRD-1032,1,Quality Issue,1540.18
RET-50555,ORD-15608,2023-06-17,PRD-1048,2,Defective,3299.82
RET-50556,ORD-14940,2023-02-27,PRD-1037,3,Defective,3574.7
RET-50557,ORD-17589,2025-04-25,PRD-1022,1,Quality Issue,167.8
RET-50558,ORD-10964,2024-08-31,PRD-1024,3,Wrong Item,3605.7
RET-50559,ORD-17840,2024-10-01,PRD-1064,1,Wrong Item,1549.94
RET-50560,ORD-13498,2024-08-22,PRD-1052,2,Quality Issue,938.5
RET-50561,ORD-21888,2023-12-06,PRD-1011,2,Quality Issue,1232.39
RET-50562,ORD-14236,2023-08-13,PRD-1004,1,Damaged in Shipping,804.18
RET-50563,ORD-12189,2025-03-27,PRD-1019,1,Wrong Item,1526.9
RET-50564,ORD-13264,2024-03-03,PRD-1051,1,Defective,1339.77
RET-50565,ORD-13001,2024-09-22,PRD-1060,2,Customer Changed Mind,3015.01
RET-50566,ORD-14339,2023-09-10,PRD-1018,2,Damaged in Shipping,3142.43
RET-50567,ORD-19504,2025-02-26,PRD-1071,1,Wrong Item,464.31
RET-50568,ORD-10592,2024-12-04,PRD-1070,3,Quality Issue,2343.24
RET-50569,ORD-15129,2024-07-29,PRD-1061,3,Wrong Item,4162.05
RET-50570,ORD-10380,2023-11-30,PRD-1058,2,Quality Issue,1048.94
RET-50571,ORD-18223,2024-12-20,PRD-1025,1,Customer Changed Mind,740.73
RET-50572,ORD-11587,2023-02-14,PRD-1017,1,Quality Issue,671.82
RET-50573,ORD-17175,2024-11-22,PRD-1007,2,Customer Changed Mind,2365.13
RET-50574,ORD-19825,2024-07-07,PRD-1023,1,Quality Issue,173.78
RET-50575,ORD-17686,2023-06-02,PRD-1061,2,Customer Changed Mind,3041.25
RET-50576,ORD-20341,2024-02-27,PRD-1057,2,Customer Changed Mind,3549.29
RET-50577,ORD-11400,2023-10-01,PRD-1045,2,Quality Issue,450.93
RET-50578,ORD-10213,2024-02-12,PRD-1064,2,Damaged in Shipping,2950.18
RET-50579,ORD-21753,2024-10-17,PRD-1036,3,Customer Changed Mind,5002.55
RET-50580,ORD-20007,2023-09-09,PRD-1029,2,Defective,590.94
RET-50581,ORD-14033,2023-11-21,PRD-1068,2,Defective,268.91
RET-50582,ORD-16396,2024-01-06,PRD-1032,2,Quality Issue,3351.05
RET-50583,ORD-10472,2023-02-26,PRD-1018,1,Wrong Item,1591.52
RET-50584,ORD-14005,2023-11-02,PRD-1014,2,Defective,2722.1
RET-50585,ORD-17656,2024-02-15,PRD-1073,3,Quality Issue,2840.69
RET-50586,ORD-11074,2024-04-18,PRD-1037,3,Customer Changed Mind,3910.93
RET-50587,ORD-21242,2023-01-16,PRD-1010,3,Damaged in Shipping,4564.11
RET-50588,ORD-14494,2024-10-30,PRD-1073,3,Quality Issue,3182.72
RET-50589,ORD-13077,2024-04-18,PRD-1059,3,Damaged in Shipping,3301.24
RET-50590,ORD-21195,2023-10-08,PRD-1003,3,Damaged in Shipping,4800.03
RET-50591,ORD-19313,2025-01-19,PRD-1057,2,Defective,3539.04
RET-50592,ORD-14856,2024-12-03,PRD-1018,2,Damaged in Shipping,2759.93
RET-50593,ORD-20130,2024-12-29,PRD-1047,3,Customer Changed Mind,401.98
RET-50594,ORD-13799,2025-01-05,PRD-1037,3,Damaged in Shipping,3251.68
RET-50595,ORD-22667,2023-09-02,PRD-1036,2,Wrong Item,2844.1
RET-50596,ORD-10341,2025-01-29,PRD-1070,1,Defective,814.5
RET-50597,ORD-18451,2024-08-06,PRD-1035,1,Customer Changed Mind,378.42
RET-50598,ORD-13061,2024-01-28,PRD-1018,1,Damaged in Shipping,1523.48
RET-50599,ORD-10441,2024-12-26,PRD-1044,1,Quality Issue,184.8
RET-50600,ORD-16872,2025-04-21,PRD-1020,2,Damaged in Shipping,2548.62
RET-50601,ORD-15291,2023-07-04,PRD-1036,3,Quality Issue,5230.94
RET-50602,ORD-14739,2023-05-11,PRD-1066,2,Wrong Item,2919.09
RET-50603,ORD-14623,2024-04-29,PRD-1020,2,Wrong Item,2343.06
RET-50604,ORD-17821,2023-11-10,PRD-1011,3,Wrong Item,1661.78
RET-50605,ORD-19105,2023-09-21,PRD-1052,2,Quality Issue,1013.04
RET-50606,ORD-19710,2023-01-20,PRD-1020,3,Customer Changed Mind,3478.38
RET-50607,ORD-14851,2025-02-08,PRD-1003,1,Defective,1535.14
RET-50608,ORD-15425,2025-01-30,PRD-1017,3,Defective,2197.52
RET-50609,ORD-13502,2023-03-08,PRD-1005,3,Customer Changed Mind,1262.13
RET-50610,ORD-16372,2023-04-28,PRD-1032,3,Wrong Item,4553.35
RET-50611,ORD-11557,2024-07-22,PRD-1025,2,Quality Issue,1204.16
RET-50612,ORD-14699,2024-02-17,PRD-1043,3,Wrong Item,5352.89
RET-50613,ORD-21897,2023-04-10,PRD-1048,3,Defective,4860.76
RET-50614,ORD-10422,2023-10-02,PRD-1037,1,Defective,1141.23
RET-50615,ORD-17398,2023-03-17,PRD-1039,3,Damaged in Shipping,1421.95
RET-50616,ORD-13284,2025-05-21,PRD-1045,3,Defective,682.91
RET-50617,ORD-11371,2024-12-25,PRD-1036,3,Quality Issue,4220.04
RET-50618,ORD-10839,2024-08-13,PRD-1066,2,Wrong Item,3452.47
RET-50619,ORD-20181,2023-08-25,PRD-1031,1,Quality Issue,1038.95
RET-50620,ORD-15168,2023-04-07,PRD-1047,2,Quality Issue,255.37
RET-50621,ORD-21395,2024-03-12,PRD-1038,1,Wrong Item,1587.76
RET-50622,ORD-12244,2024-04-14,PRD-1031,1,Wrong Item,1106.35
RET-50623,ORD-17493,2023-01-27,PRD-1015,3,Customer Changed Mind,4823.89
RET-50624,ORD-10730,2024-11-28,PRD-1016,3,Damaged in Shipping,3206.43
RET-50625,ORD-16482,2024-07-21,PRD-1046,1,Wrong Item,1475.36
RET-50626,ORD-16594,2023-05-01,PRD-1036,3,Defective,4471.68
RET-50627,ORD-12530,2023-08-26,PRD-1018,2,Customer Changed Mind,2666.72
RET-50628,ORD-19468,2023-12-02,PRD-1048,3,Customer Changed Mind,5298.26
RET-50629,ORD-20309,2025-01-12,PRD-1036,3,Wrong Item,4298.98
RET-50630,ORD-12143,2023-03-15,PRD-1022,3,Damaged in Shipping,494.84
RET-50631,ORD-11167,2025-03-11,PRD-1005,3,Customer Changed Mind,1135.84
RET-50632,ORD-16224,2024-09-03,PRD-1045,3,Quality Issue,675.98
RET-50633,ORD-14624,2025-01-06,PRD-1064,3,Customer Changed Mind,4342.89
RET-50634,ORD-19929,2025-01-21,PRD-1007,2,Wrong Item,2118.02
RET-50635,ORD-19563,2023-04-01,PRD-1019,1,Wrong Item,1715.22
RET-50636,ORD-16508,2023-10-25,PRD-1039,3,Damaged in Shipping,1512.06
RET-50637,ORD-14282,2025-06-14,PRD-1008,2,Customer Changed Mind,760.15
RET-50638,ORD-11599,2024-10-17,PRD-1007,3,Damaged in Shipping,3539.63
RET-50639,ORD-18830,2024-03-05,PRD-1028,2,Quality Issue,688.2
RET-50640,ORD-18334,2023-07-22,PRD-1039,2,Customer Changed Mind,913.38
RET-50641,ORD-21191,2023-11-16,PRD-1040,1,Damaged in Shipping,1117.96
RET-50642,ORD-18359,2024-05-30,PRD-1000,1,Defective,1257.36
RET-50643,ORD-19038,2024-05-03,PRD-1026,3,Quality Issue,1586.7
RET-50644,ORD-17696,2025-04-11,PRD-1001,1,Defective,476.26
RET-50645,ORD-18903,2023-07-19,PRD-1042,1,Damaged in Shipping,662.25
RET-50646,ORD-15822,2023-03-28,PRD-1059,2,Damaged in Shipping,2095.13
RET-50647,ORD-20079,2024-02-10,PRD-1047,2,Damaged in Shipping,219.02
RET-50648,ORD-20683,2023-08-04,PRD-1068,1,Customer Changed Mind,121.29
RET-50649,ORD-22679,2024-04-05,PRD-1046,2,Defective,2612.89
RET-50650,ORD-10874,2024-01-14,PRD-1019,1,Customer Changed Mind,1409.07
RET-50651,ORD-16626,2023-11-16,PRD-1035,3,Defective,1253.28
RET-50652,ORD-13688,2024-09-25,PRD-1021,2,Defective,825.54
RET-50653,ORD-17925,2024-07-20,PRD-1030,1,Quality Issue,1887.3
RET-50654,ORD-16647,2024-05-28,PRD-1034,1,Customer Changed Mind,620.25
RET-50655,ORD-17328,2024-02-08,PRD-1004,1,Quality Issue,790.53
RET-50656,ORD-14816,2024-03-06,PRD-1028,2,Defective,688.19
RET-50657,ORD-11305,2023-05-24,PRD-1016,3,Damaged in Shipping,2889.8
RET-50658,ORD-13368,2024-07-09,PRD-1008,3,Defective,1206.8
RET-50659,ORD-16549,2024-01-08,PRD-1017,1,Damaged in Shipping,630.93
RET-50660,ORD-14004,2024-07-23,PRD-1069,1,Customer Changed Mind,1490.31
RET-50661,ORD-16604,2025-03-03,PRD-1072,2,Damaged in Shipping,1468.79
RET-50662,ORD-21839,2024-01-19,PRD-1012,2,Defective,3193.8
RET-50663,ORD-14456,2023-02-26,PRD-1020,1,Quality Issue,1253.87
RET-50664,ORD-12830,2023-02-19,PRD-1062,1,Wrong Item,9.94
RET-50665,ORD-12404,2023-02-04,PRD-1004,2,Customer Changed Mind,1480.68
RET-50666,ORD-12850,2023-06-23,PRD-1000,3,Wrong Item,3825.64
RET-50667,ORD-14623,2024-05-30,PRD-1048,1,Quality Issue,1602.8
RET-50668,ORD-20591,2024-09-09,PRD-1042,1,Defective,796.79
RET-50669,ORD-12736,2025-03-20,PRD-1011,1,Wrong Item,664.51
RET-50670,ORD-12002,2023-08-17,PRD-1040,2,Defective,2052.78
RET-50671,ORD-16183,2023-09-19,PRD-1015,2,Quality Issue,3082.39
RET-50672,ORD-10666,2023-03-05,PRD-1066,1,Wrong Item,1728.02
RET-50673,ORD-13396,2024-05-20,PRD-1056,3,Customer Changed Mind,2779.4
RET-50674,ORD-14359,2024-12-12,PRD-1025,3,Defective,2074.41
RET-50675,ORD-12855,2024-09-07,PRD-1000,3,Wrong Item,3631.47
RET-50676,ORD-13717,2024-05-27,PRD-1057,1,Wrong Item,1765.32
RET-50677,ORD-15972,2023-01-22,PRD-1036,3,Quality Issue,4717.35
RET-50678,ORD-20233,2024-10-12,PRD-1030,1,Customer Changed Mind,1740.55
RET-50679,ORD-10972,2023-02-14,PRD-1061,2,Defective,2541.97
RET-50680,ORD-10371,2024-11-16,PRD-1039,3,Quality Issue,1590.19
RET-50681,ORD-15950,2024-03-20,PRD-1023,3,Customer Changed Mind,580.53
RET-50682,ORD-11822,2024-12-21,PRD-1026,1,Damaged in Shipping,506.65
RET-50683,ORD-10414,2025-03-05,PRD-1038,1,Defective,1746.17
RET-50684,ORD-17180,2023-07-27,PRD-1074,3,Wrong Item,994.25
RET-50685,ORD-12125,2023-05-21,PRD-1026,1,Wrong Item,438.23
RET-50686,ORD-18346,2024-08-08,PRD-1060,3,Wrong Item,4501.94
RET-50687,ORD-21559,2024-02-18,PRD-1073,2,Damaged in Shipping,2133.43
RET-50688,ORD-13324,2024-05-29,PRD-1046,3,Wrong Item,3951.47
RET-50689,ORD-21212,2024-11-19,PRD-1009,1,Damaged in Shipping,1358.26
RET-50690,ORD-18308,2024-05-24,PRD-1023,3,Customer Changed Mind,588.58
RET-50691,ORD-17057,2024-07-28,PRD-1074,3,Damaged in Shipping,1082.8
RET-50692,ORD-22279,2023-10-31,PRD-1009,3,Customer Changed Mind,4518.43
RET-50693,ORD-19915,2025-02-27,PRD-1056,2,Quality Issue,1767.09
RET-50694,ORD-22189,2025-05-10,PRD-1021,1,Damaged in Shipping,413.27
RET-50695,ORD-22632,2024-06-08,PRD-1003,1,Customer Changed Mind,1647.64
RET-50696,ORD-13992,2025-03-16,PRD-1033,1,Quality Issue,392.28
RET-50697,ORD-21728,2024-07-16,PRD-1001,2,Damaged in Shipping,1021.51
RET-50698,ORD-21238,2025-03-12,PRD-1018,3,Wrong Item,4798.66
RET-50699,ORD-11765,2024-06-12,PRD-1018,1,Quality Issue,1582.4
RET-50700,ORD-13485,2025-04-09,PRD-1040,1,Defective,933.45
RET-50701,ORD-20565,2025-04-03,PRD-1032,3,Customer Changed Mind,4736.0
RET-50702,ORD-16909,2023-11-21,PRD-1031,2,Defective,1874.99
RET-50703,ORD-13014,2025-05-24,PRD-1015,3,Quality Issue,4289.19
RET-50704,ORD-10432,2024-09-05,PRD-1007,2,Damaged in Shipping,2187.69
RET-50705,ORD-19222,2024-12-25,PRD-1003,2,Wrong Item,3309.28
RET-50706,ORD-18984,2023-02-02,PRD-1058,1,Damaged in Shipping,588.25
RET-50707,ORD-16447,2024-08-28,PRD-1022,2,Damaged in Shipping,311.33
RET-50708,ORD-12937,2024-09-21,PRD-1013,2,Defective,325.34
RET-50709,ORD-21353,2024-01-16,PRD-1036,1,Customer Changed Mind,1425.76
RET-50710,ORD-20653,2024-12-20,PRD-1065,2,Damaged in Shipping,1117.86
RET-50711,ORD-21827,2024-02-26,PRD-1069,1,Wrong Item,1290.17
RET-50712,ORD-14088,2024-12-31,PRD-1010,3,Wrong Item,4535.34
RET-50713,ORD-13930,2025-03-29,PRD-1069,1,Customer Changed Mind,1508.29
RET-50714,ORD-16226,2024-09-30,PRD-1049,1,Wrong Item,1925.41
RET-50715,ORD-17965,2025-06-15,PRD-1031,1,Wrong Item,1084.51
RET-50716,ORD-10975,2024-01-09,PRD-1014,2,Damaged in Shipping,3182.82
RET-50717,ORD-18172,2023-07-06,PRD-1045,3,Defective,550.32
RET-50718,ORD-21768,2023-02-24,PRD-1067,2,Wrong Item,305.95
RET-50719,ORD-11862,2025-02-08,PRD-1039,2,Customer Changed Mind,945.61
RET-50720,ORD-14627,2024-02-22,PRD-1067,3,Damaged in Shipping,497.34
RET-50721,ORD-15592,2024-05-14,PRD-1021,1,Customer Changed Mind,385.75
RET-50722,ORD-14035,2023-04-04,PRD-1067,3,Defective,536.79
RET-50723,ORD-12476,2024-01-23,PRD-1008,2,Damaged in Shipping,777.86
RET-50724,ORD-14759,2024-01-22,PRD-1035,3,Damaged in Shipping,1154.34
RET-50725,ORD-12450,2024-08-06,PRD-1006,1,Customer Changed Mind,62.71
RET-50726,ORD-10291,2023-10-09,PRD-1065,1,Quality Issue,541.81
RET-50727,ORD-15880,2024-06-12,PRD-1035,1,Wrong Item,372.74
RET-50728,ORD-11519,2024-09-12,PRD-1041,3,Wrong Item,3243.85
RET-50729,ORD-21034,2023-11-19,PRD-1016,1,Quality Issue,1048.21
RET-50730,ORD-14230,2024-07-18,PRD-1056,1,Damaged in Shipping,883.48
RET-50731,ORD-11052,2023-04-03,PRD-1053,1,Damaged in Shipping,225.35
RET-50732,ORD-20161,2025-01-27,PRD-1039,3,Defective,1399.99
RET-50733,ORD-20081,2023-10-08,PRD-1069,2,Quality Issue,3017.84
RET-50734,ORD-11456,2024-10-06,PRD-1046,2,Damaged in Shipping,3002.72
RET-50735,ORD-11050,2024-05-11,PRD-1072,2,Damaged in Shipping,1426.24
RET-50736,ORD-18507,2025-03-19,PRD-1034,1,Damaged in Shipping,530.06
RET-50737,ORD-21340,2025-03-22,PRD-1051,3,Damaged in Shipping,3999.14
RET-50738,ORD-15126,2024-07-05,PRD-1035,1,Wrong Item,387.37
RET-50739,ORD-18316,2023-08-09,PRD-1004,2,Customer Changed Mind,1646.85
RET-50740,ORD-13492,2023-12-27,PRD-1019,2,Quality Issue,3206.38
RET-50741,ORD-19081,2024-03-09,PRD-1023,2,Defective,380.3
RET-50742,ORD-15751,2024-07-14,PRD-1001,3,Customer Changed Mind,1505.12
RET-50743,ORD-10824,2025-04-25,PRD-1006,1,Quality Issue,57.78
RET-50744,ORD-10865,2024-03-17,PRD-1062,2,Quality Issue,19.4
RET-50745,ORD-12279,2024-11-02,PRD-1068,1,Wrong Item,131.77
RET-50746,ORD-18188,2024-07-26,PRD-1030,2,Customer Changed Mind,3508.33
RET-50747,ORD-12318,2025-01-22,PRD-1066,1,Quality Issue,1725.15
RET-50748,ORD-18626,2023-05-04,PRD-1055,3,Wrong Item,4556.61
RET-50749,ORD-10061,2024-10-18,PRD-1072,1,Defective,721.8
RET-50750,ORD-22027,2023-09-17,PRD-1021,3,Defective,1249.52
RET-50751,ORD-10734,2024-05-31,PRD-1002,1,Damaged in Shipping,1465.98
RET-50752,ORD-13661,2024-09-14,PRD-1058,3,Customer Changed Mind,1787.01
RET-50753,ORD-21265,2023-11-03,PRD-1069,3,Defective,4509.34
RET-50754,ORD-14253,2023-06-22,PRD-1030,2,Quality Issue,3432.92
RET-50755,ORD-14121,2025-03-20,PRD-1074,2,Quality Issue,770.45
RET-50756,ORD-12292,2024-08-17,PRD-1017,3,Quality Issue,1897.1
RET-50757,ORD-20944,2025-06-07,PRD-1042,3,Wrong Item,1946.82
RET-50758,ORD-17864,2024-12-22,PRD-1035,3,Customer Changed Mind,1185.29
RET-50759,ORD-10844,2025-02-12,PRD-1052,3,Damaged in Shipping,1308.73
RET-50760,ORD-22727,2024-05-04,PRD-1066,1,Defective,1691.99
RET-50761,ORD-13718,2024-02-14,PRD-1025,3,Damaged in Shipping,2112.23
RET-50762,ORD-21865,2023-04-26,PRD-1053,2,Wrong Item,387.36
RET-50763,ORD-17490,2023-06-07,PRD-1028,3,Defective,1033.85
RET-50764,ORD-13427,2024-02-01,PRD-1007,2,Customer Changed Mind,2097.38
RET-50765,ORD-21832,2023-06-02,PRD-1060,1,Damaged in Shipping,1494.5
RET-50766,ORD-10665,2023-02-22,PRD-1060,3,Quality Issue,4538.62
RET-50767,ORD-18566,2024-08-05,PRD-1005,2,Wrong Item,870.55
RET-50768,ORD-22048,2023-02-10,PRD-1010,2,Customer Changed Mind,3205.3
RET-50769,ORD-21709,2023-05-23,PRD-1074,1,Quality Issue,393.28
RET-50770,ORD-12685,2023-03-10,PRD-1053,2,Quality Issue,374.55
RET-50771,ORD-19228,2024-02-08,PRD-1008,2,Wrong Item,815.97
RET-50772,ORD-15062,2024-04-21,PRD-1026,2,Defective,887.81
RET-50773,ORD-13404,2023-05-07,PRD-1040,3,Customer Changed Mind,2836.09
RET-50774,ORD-21535,2025-02-20,PRD-1018,2,Damaged in Shipping,3180.19
RET-50775,ORD-18977,2023-06-20,PRD-1012,2,Damaged in Shipping,3067.17
RET-50776,ORD-18501,2023-08-24,PRD-1064,3,Defective,4689.5
RET-50777,ORD-15738,2025-04-28,PRD-1061,1,Defective,1542.2
RET-50778,ORD-16627,2025-05-21,PRD-1021,2,Defective,833.5
RET-50779,ORD-12345,2023-04-25,PRD-1031,2,Customer Changed Mind,1996.99
RET-50780,ORD-19395,2025-04-13,PRD-1042,2,Customer Changed Mind,1337.44
RET-50781,ORD-22407,2024-02-17,PRD-1024,2,Wrong Item,2369.25
RET-50782,ORD-11091,2023-03-14,PRD-1025,1,Customer Changed Mind,678.29
RET-50783,ORD-17064,2024-09-03,PRD-1005,2,Damaged in Shipping,816.27
RET-50784,ORD-16483,2024-11-22,PRD-1044,2,Customer Changed Mind,354.95
RET-50785,ORD-11125,2024-04-10,PRD-1057,2,Wrong Item,3191.62
RET-50786,ORD-13796,2023-12-22,PRD-1012,2,Damaged in Shipping,3789.88
RET-50787,ORD-14419,2025-05-02,PRD-1058,1,Defective,504.8
RET-50788,ORD-11383,2023-03-02,PRD-1055,3,Damaged in Shipping,5218.24
RET-50789,ORD-14357,2024-09-03,PRD-1025,2,Customer Changed Mind,1386.44
RET-50790,ORD-21384,2023-03-18,PRD-1048,3,Damaged in Shipping,5214.25
RET-50791,ORD-13759,2023-10-23,PRD-1043,3,Customer Changed Mind,5725.48
RET-50792,ORD-14011,2023-07-30,PRD-1005,2,Damaged in Shipping,829.04
RET-50793,ORD-13966,2023-07-04,PRD-1061,2,Quality Issue,2728.82
RET-50794,ORD-20537,2025-05-04,PRD-1020,3,Defective,4208.43
RET-50795,ORD-20991,2025-06-05,PRD-1038,2,Quality Issue,3374.63
RET-50796,ORD-15691,2025-05-27,PRD-1009,1,Damaged in Shipping,1427.12
RET-50797,ORD-13707,2024-07-07,PRD-1002,3,Damaged in Shipping,4292.46
RET-50798,ORD-19643,2023-09-08,PRD-1032,3,Wrong Item,4707.65
RET-50799,ORD-17983,2025-01-15,PRD-1032,1,Customer Changed Mind,1402.66
